track_id,track_name,album_id
1LMTbumlu1pGmpQmMmyiyI,Randaka Randaka (Karaoke),290uzYCaj60pAMPb3mij0p
0WEkSTultLXO7yG9NxclXe,Vennilave (Karaoke),290uzYCaj60pAMPb3mij0p
7hYS8RyodojcUHA9XCUZww,Ennavalae (Karaoke),290uzYCaj60pAMPb3mij0p
6wo8hlbNUfsQMQ36JR5Rf6,Uyire Uyire (Karaoke),290uzYCaj60pAMPb3mij0p
1z6OPNPyhkUemv7TowwSKm,Pudhu Vellai Mazhai (Karaoke),290uzYCaj60pAMPb3mij0p
3aHAIHEmp8eAblHJZbnWLl,Chinna Chinna (Karaoke),290uzYCaj60pAMPb3mij0p
3ijm6IkMgcwD9m6Vqh0OYx,Konjum Nilavu (Karaoke),290uzYCaj60pAMPb3mij0p
4ydZCzUpceyb5TMfQKKL85,The Broken Past,31xnft6hKf7Rt5AbB2YGYR
4Ay5V77pabGVNcqQ7ZpEpy,Pavlo’s Introduction,31xnft6hKf7Rt5AbB2YGYR
2iMYtipkKZQYSsMLnFt2rL,Glisse La Vie,31xnft6hKf7Rt5AbB2YGYR
0IKJfr52GxTTEJUwJD4wnI,Memories,31xnft6hKf7Rt5AbB2YGYR
2zX00ebDp5muL1Xef9dZ21,"T-Cobra, Lacrimosa",31xnft6hKf7Rt5AbB2YGYR
7HEuMQB0yQadyRYxidMdst,Many Truths or One?,31xnft6hKf7Rt5AbB2YGYR
3YeRZXjGg84FjIbNNd66Mx,Juliet’s Epiphany,31xnft6hKf7Rt5AbB2YGYR
1P5JFXsqUiZgCczRwPTj67,Guilt,31xnft6hKf7Rt5AbB2YGYR
4JuiW7fkMV6X6ry6WEVPQq,Lullaby for Rosanne,31xnft6hKf7Rt5AbB2YGYR
06yWfwh7Nc8ITbT6AQDXpl,Blood on your hands,31xnft6hKf7Rt5AbB2YGYR
6cULAGTj8xgLvDJAC7Hqr7,Redemption,31xnft6hKf7Rt5AbB2YGYR
6Zx8YQ156C2lUHkvndJAqI,What’s on a Man’s Mind,31xnft6hKf7Rt5AbB2YGYR
3KuWOgAejiegpDwtWciZqK,Inisai Alaparaiye,7LDKDsG1vXdki3mtSWf7jl
2bXVvIoXMcAe0ELXpZjwrt,Kaatril Oru Mogam,7LDKDsG1vXdki3mtSWf7jl
4Qr7sWD9sNITMyBuAEiAlk,Kamma Kavalilur,7LDKDsG1vXdki3mtSWf7jl
1GbkgbNyEfnJcc56yV8cpc,Kanavil,7LDKDsG1vXdki3mtSWf7jl
1IOA2RJ7GA5BkKUk1vCaMu,Minu Minu Minu Deepavali,7LDKDsG1vXdki3mtSWf7jl
2cU9YcBbBQtKYh9zRsCXKO,Oh Oh Butterfly,7LDKDsG1vXdki3mtSWf7jl
1UUQdZEFT4JY8rfxyI5ltj,Theeyil Ventha,7LDKDsG1vXdki3mtSWf7jl
6tRGgGov754NMkc1kIP1kp,Armageddon,23HAmfHXpbuaGW2PRgHUu1
7vNHA1D6QtULeQRUEJxmf1,Arunmozhi's Dilemma,23HAmfHXpbuaGW2PRgHUu1
2EY98pP4TByNCMPwdT2RoU,Chozha's Bravery,23HAmfHXpbuaGW2PRgHUu1
6mkCkVTY9Dixa8Uf24qG16,Conspiracy,23HAmfHXpbuaGW2PRgHUu1
6TrRbaFdNSuhb7QsUqUpGy,Exotic Queen,23HAmfHXpbuaGW2PRgHUu1
18YWQ8js36D2dSVGyz39t8,Life at Lanka,23HAmfHXpbuaGW2PRgHUu1
7LkGyHnm72JCqfFd3l0qef,Nandini's Fortress,23HAmfHXpbuaGW2PRgHUu1
68ZMpsLIgslIvOueHma0BG,The Guardian Angel,23HAmfHXpbuaGW2PRgHUu1
76uiAFoVit3GJKCj3B55Eq,The Pandiyan's Oath,23HAmfHXpbuaGW2PRgHUu1
1ALVD4zvITjHk4lBWrRah7,The Thirst for the Throne,23HAmfHXpbuaGW2PRgHUu1
0KPRCE7k8Ev0lZ5twY1DDx,The Wise King,23HAmfHXpbuaGW2PRgHUu1
7FD4QqottPHGqeLUtZXENh,VT's Play,23HAmfHXpbuaGW2PRgHUu1
51v1OzXSGaobz6hl7R04GJ,Oo Rey Sooriyare,23HAmfHXpbuaGW2PRgHUu1
7K2m42GpWerbPVt8WzxDpu,Saaya Sanjale,23HAmfHXpbuaGW2PRgHUu1
1mFbIcqXMaqRRZxQ7UA5wf,Soodanathu Rattham,23HAmfHXpbuaGW2PRgHUu1
26JSkeYXP6mHxntFMzWTl4,Vanathi's Message,23HAmfHXpbuaGW2PRgHUu1
5uxpJp7cIo2xY09ulzlNdt,A New King is Born,23HAmfHXpbuaGW2PRgHUu1
0PypE5GkQ4AANbMnOQLOhp,Karikalan's Remorse,23HAmfHXpbuaGW2PRgHUu1
5KEo33rrRy5SvjeAh7TDMO,Karikalan's Valour,23HAmfHXpbuaGW2PRgHUu1
2N55vMSpndfKzqpZ58JeZB,Nandini's Inner Voice,23HAmfHXpbuaGW2PRgHUu1
6aDJpjOrTmAkN7crqY6eBg,Market Chase,23HAmfHXpbuaGW2PRgHUu1
6KxrZuLkjLz76txdWWC5kA,Pandyan's Invade,23HAmfHXpbuaGW2PRgHUu1
12bVicOkUzL9KrK4QUObEn,Por Konda Puli - A Chozhan War Cry,23HAmfHXpbuaGW2PRgHUu1
2s9xmFKi7AHRFPaGi1t7yU,PS vs VT,23HAmfHXpbuaGW2PRgHUu1
4iJ7sl62IhJQNY3mX0If3O,Requiem for the Fallen Monarch,23HAmfHXpbuaGW2PRgHUu1
08KaMJxEoBa4PRvz4luiSG,The Confrontation,23HAmfHXpbuaGW2PRgHUu1
1VtExYv1dUAAZM2uIX1IYE,The Fall of Pandya,23HAmfHXpbuaGW2PRgHUu1
5AZWEEttv8YeBgv1bJOR8B,The Fangs of Love & Redemption,23HAmfHXpbuaGW2PRgHUu1
37atOvyZbcUAXMHt3Db0T3,The Saga Continues,23HAmfHXpbuaGW2PRgHUu1
0Vux6wEo93HZpoz841wInm,The Silent Sovereign,23HAmfHXpbuaGW2PRgHUu1
5GfOjkQhJUDEscnaB5vxJr,The Trial,23HAmfHXpbuaGW2PRgHUu1
5wZp653Li6JfggsaBFmiKd,Vellum Vengai,23HAmfHXpbuaGW2PRgHUu1
0j3uUAgz8L7kUUmUplw9Jh,War is Declared,23HAmfHXpbuaGW2PRgHUu1
2sXeEnJdq1AkPMroDfiENy,Young Nandini & Karikalan,23HAmfHXpbuaGW2PRgHUu1
3kJWR2bHZrfxwLOOHifTqr,Title Credits-Sangamam,4usIqGbj46ZA8RD6PT8Ktz
5qXBeyw71AX2DIupA0ZuaO,Intro Scene Of Avudapillai,4usIqGbj46ZA8RD6PT8Ktz
3KOWdVMY5dmnjg0Vaw8Etj,Sowkiyama Version 2,4usIqGbj46ZA8RD6PT8Ktz
2s0geNHrM4kgT9Tg0Q18M5,Sooriyan Vandhu (Humming),4usIqGbj46ZA8RD6PT8Ktz
6uEX5TfLYHSrRQPX1wNPTi,Sooriyan Vandhu (Veena),4usIqGbj46ZA8RD6PT8Ktz
6izNyUoSpHA3tgu90inT2V,Admiring Abhirami,4usIqGbj46ZA8RD6PT8Ktz
1FO8spOUeugLkEwR8lk8xq,Cues Of Varahanadhikarai,4usIqGbj46ZA8RD6PT8Ktz
5RjFaa8wEXwrg2J0GzQkPp,Ni Enna Kadandhu Pogayilae (Flute),4usIqGbj46ZA8RD6PT8Ktz
2EILHGVPnAcOhGy4EJVNoN,Couple In The Temple,4usIqGbj46ZA8RD6PT8Ktz
74HwiOOYucqIiu1f5RdrTW,Rural Folk + Thavil,4usIqGbj46ZA8RD6PT8Ktz
5eJwECLhmJKrupKnSUaPi8,Rural Folk BGM,4usIqGbj46ZA8RD6PT8Ktz
3NCKx1WnlEMiYFdjojD3o1,Sowkiyama Musical,4usIqGbj46ZA8RD6PT8Ktz
7ycaypTalSX5l9Pu4Pv75O,Title Theme -Indian,6vC6jvbclKQ02dk5Ut12fM
2bVQMz2hYsnh8Wz9VsKqYX,First Murder,6vC6jvbclKQ02dk5Ut12fM
5R9Vs6HU95F09u3RVYBxuI,Aish Intro,6vC6jvbclKQ02dk5Ut12fM
1zsgPlP4ea0NFzgyC4SrNY,Sapna Intro,6vC6jvbclKQ02dk5Ut12fM
3EeQ8LfxALX2U12at6ledO,Chandru Love,6vC6jvbclKQ02dk5Ut12fM
0iDveMQtWF8oPROzN4FKQt,Murder Investigation,6vC6jvbclKQ02dk5Ut12fM
00LVCMXRRPM4dYs8mGzewO,Cobbler's Wife,6vC6jvbclKQ02dk5Ut12fM
5YtdzyAG2IkqPAIlM3lS0G,2nd Murder,6vC6jvbclKQ02dk5Ut12fM
297K1qm0KrNhU8xzORzfL6,Sapana Dance Reharsal,6vC6jvbclKQ02dk5Ut12fM
5CsmiMqKjTi71rZe2N7v7v,Varma School,6vC6jvbclKQ02dk5Ut12fM
5KpBQ4Ar5ThHrIgiHFaq58,Freedom Struggle,6vC6jvbclKQ02dk5Ut12fM
3YB7rD3pFSARF0BE4zkVM1,Young Senapathy Intro,6vC6jvbclKQ02dk5Ut12fM
1TEj7lcKRFop9I568p37a4,Senapathy's Love,6vC6jvbclKQ02dk5Ut12fM
28W1t7TbedcSFJdZRocbeq,Senapath Leaves Amirthavalli,6vC6jvbclKQ02dk5Ut12fM
3UlfJPfrQ8LNCoRVA9PU4C,Suicide Mission,6vC6jvbclKQ02dk5Ut12fM
7yoe2BBG5qaXqBHBIiwNF1,Intermission,6vC6jvbclKQ02dk5Ut12fM
2MV5dgxaWwU9AsCI6kyXos,Kidnapping Doctor,6vC6jvbclKQ02dk5Ut12fM
4vYWZQP29qmK9qISRyCRKr,Indian In Tv Station,6vC6jvbclKQ02dk5Ut12fM
2socJH9f5ujsz4voVD9QEb,Senapathy's Daughter,6vC6jvbclKQ02dk5Ut12fM
4LcAiKlcugtZVu82Cpyqzt,Fire Accident,6vC6jvbclKQ02dk5Ut12fM
2Qr0HXnpWqvqtcNPb3fRvT,Senapathy's Struggle,6vC6jvbclKQ02dk5Ut12fM
7ixVbuYjxBkDOBiwElCHuN,Rise Of Indian,6vC6jvbclKQ02dk5Ut12fM
20ksEgPP1pAiuKAwpF9dFa,Indian Speaks About Bribe,6vC6jvbclKQ02dk5Ut12fM
54MHyyaFYaLJTRkW07J7I5,Indian Thatha Zindabad Rap,6vC6jvbclKQ02dk5Ut12fM
1OVvwO8NHOXWcodvic4e9M,Bus Accident,6vC6jvbclKQ02dk5Ut12fM
5QENSaw0LLx6bEtZNxCknY,Indian Arrested,6vC6jvbclKQ02dk5Ut12fM
61dbB7XscxouTCLT7jnVKp,Indian Under Krishnaswamy Custody,6vC6jvbclKQ02dk5Ut12fM
3llROl3jEx1dwFrgo78Zgb,Indian Escapes,6vC6jvbclKQ02dk5Ut12fM
18BWyfz3vXMLLtJicSJjWt,Indian Kills Chandru,6vC6jvbclKQ02dk5Ut12fM
3JRh83CFexaINmqGbUCDlA,Indian's Phone Call,6vC6jvbclKQ02dk5Ut12fM
2anAFuHoIgJZNdYHCFtksr,Adi Paru Mangatha,6L0l4J1xMLxJTvxJSvxVT4
7CX9ZNMECypUrcHLZKOZSM,Palakkattu Machanukku,6L0l4J1xMLxJTvxJSvxVT4
6ORqvxVueKuTuhsNICin7I,Marghazhi Poove,6L0l4J1xMLxJTvxJSvxVT4
2kR0z8LP0d7huibKrX4TEp,En Mel Vizhunda,6L0l4J1xMLxJTvxJSvxVT4
0OspCxWPiQaiTsaQ44YZFN,Madrasai Suthi,6L0l4J1xMLxJTvxJSvxVT4
1B1Sc0gR8pnmGMULaaYYMv,Minnalae,6L0l4J1xMLxJTvxJSvxVT4
69i7UDLEXUvs2pmc4Arf8f,Mazhai Thulli (Karaoke),2ItkLsSI5zZBFNKsUl3SUy
34rJ9lzj1BqJrd9URcNggN,Varaha Nadhikarai (Karaoke),2ItkLsSI5zZBFNKsUl3SUy
2Qh2wusnTck9pkWY9mgfbl,Sowkiyama Kannae (Karaoke),2ItkLsSI5zZBFNKsUl3SUy
3wxxQNL0FpZAJPEWCqrlUz,Mudhal Murai (Karaoke),2ItkLsSI5zZBFNKsUl3SUy
6ceX9yoNKftTYsGEw55fUq,Margazhi Thingal Allava (Karaoke),2ItkLsSI5zZBFNKsUl3SUy
0EWYyN6exrBPyYnzmjDcq1,Aalaala Kanda (Karaoke),2ItkLsSI5zZBFNKsUl3SUy
3S9qv2IWb7MqrRe3ka9wiw,Aalaala Kanda 2 (Karaoke),2ItkLsSI5zZBFNKsUl3SUy
1yOY8cmq2UO5Rjbit7eZvu,Panjavarna Kili (Karaoke),2ItkLsSI5zZBFNKsUl3SUy
1zN43eXTShUKo1iNI8iM69,"Rampage - From ""Pippa""",5y6G8IMGY5L6H1VHLntHaa
00IBeiKNG6sFuK2QkQbhNo,"Main Parwaana - From ""Pippa""",5y6G8IMGY5L6H1VHLntHaa
2nFss1w51YtlZas3V3yItH,"Jazbaat - From ""Pippa""",5y6G8IMGY5L6H1VHLntHaa
0FWerCaWFQdbaahbJDazOk,"Karar Oi Louho Kapat - From ""Pippa""",5y6G8IMGY5L6H1VHLntHaa
52aFVyYxlr68YX8bl0eYbH,"Mohabbatein Shukriya - From ""Pippa""",5y6G8IMGY5L6H1VHLntHaa
0eOsYS1bGNnnEhiSt7NAW0,"Balram's Anagnorisis - From ""Pippa""",5y6G8IMGY5L6H1VHLntHaa
5QitylQUKwfR7XLR8TjFqR,"The Mines - From ""Pippa""",5y6G8IMGY5L6H1VHLntHaa
6MwMoSnKmfNbAH8YYseCs2,Jumballaka,16usdr6w04ky5bcxK6zV50
5wqDmCJzLppMww3C84FyY4,Chinna China,16usdr6w04ky5bcxK6zV50
1XinIBsdYyOzeXULuUI9xV,En Swasa Katre,16usdr6w04ky5bcxK6zV50
52FgmJ9qnxNnZFIQ9SH2GS,Thathi Aaduthe,16usdr6w04ky5bcxK6zV50
6k0BOYD1pjAsIWb1eVUVRr,Theendai,16usdr6w04ky5bcxK6zV50
3ShkqydL9SACQEh1JX8sjh,Thirakatha,16usdr6w04ky5bcxK6zV50
6u8WkEpKvnvRdNwHK13gHz,Thoda Chariche Samayam,48sa3XtM7QQBabRMLYqtgZ
2Gzphs2caJugCimAchDive,Pranama Pranama,48sa3XtM7QQBabRMLYqtgZ
2MhEjq1jGT1OOMbl3gY1xt,Chakkani Paalu,48sa3XtM7QQBabRMLYqtgZ
7INfDhKGOwWFwmTjjvhT7V,Raja Maharaja,48sa3XtM7QQBabRMLYqtgZ
4eNfL6VItCqsu61s11YLHg,Veeruda,48sa3XtM7QQBabRMLYqtgZ
31evmfNckzmOlgrqeEBAOi,Kanna Kanna,48sa3XtM7QQBabRMLYqtgZ
10F7B3cmxl2RfmnjoHwSx9,Chuku Chuku Rail,48sa3XtM7QQBabRMLYqtgZ
6PP5URDpnL2dVTpwdZHHcR,Kodi Parakura Kaalam,7pMOd6mZQQDi7hz6NYOKL0
5gpjup3L76P6ZNMu44eCyG,Nenjame Nenjame,7pMOd6mZQQDi7hz6NYOKL0
79zseHP5VW088jC26gaobE,Utchanthala,7pMOd6mZQQDi7hz6NYOKL0
3Q1QIxVncf1FbUkZk12hqk,Manna Maamanna,7pMOd6mZQQDi7hz6NYOKL0
6jvGWgoy3QFbxAtdupph4P,Veerane,7pMOd6mZQQDi7hz6NYOKL0
5u21Ev0Rs9BRovbuXjq9EJ,Raasa Kannu,7pMOd6mZQQDi7hz6NYOKL0
07h9SLefVFl24IWZmRajbA,Jigu Jigu Rail,7pMOd6mZQQDi7hz6NYOKL0
4Cj76cQVvek5Ejdx8GDFop,Aazhi Mazhai Kanna,49suOMXRb3AJIseI97Qu1J
2vlR5QFDv26aIctbUDK6jj,"Aga Naga (From ""Ponniyin Selvan Part-2"")",49suOMXRb3AJIseI97Qu1J
4MxqsGZD8pMWFndWJg3hdS,Chinnanjiru (Marumurai),49suOMXRb3AJIseI97Qu1J
0DM2Z5E6BJMSphoM0yyLi6,Chinnanjiru Nilave,49suOMXRb3AJIseI97Qu1J
6tlSjMiuuex3iSbNNQmQ8K,Ilaiyor Soodaar,49suOMXRb3AJIseI97Qu1J
7BT0GYmI6kEDQftjqBeCSF,Shivoham,49suOMXRb3AJIseI97Qu1J
0xi39iiwgnflcUCx5E8IuR,"Akamalar (From ""PS-2"") [Malayalam]",2Q9025lUYzEMJLYGyhIU00
46DApDLxalzVBJ2veda1lh,Chellacheru Nilave,2Q9025lUYzEMJLYGyhIU00
5dAINUITSVlA1qBIwgK6It,Chellacheru Nilave - Reprise,2Q9025lUYzEMJLYGyhIU00
6Pq9rvF4aSVLONgYMcLHLH,Ilaiyor Choodaa,2Q9025lUYzEMJLYGyhIU00
42jS6WAOYXyvrS0ReNQ4QV,Shivoham,2Q9025lUYzEMJLYGyhIU00
4AAIf9BHa9b7C8rmTJUtkA,Thazhe Mazha Deva,2Q9025lUYzEMJLYGyhIU00
6Szp2kRjXn6iQvyJyUSxCe,"Kirunage (From ""PS-2"") [Kannada]",4XWYJjQBJa1q0RUF9mELFn
1vC7RSTZOi8D4bPDgY1gki,"Ruaa Ruaa (From ""PS-2"") [Hindi]",07qw6WgmXr7RzNA9jHIpuD
60fyKjKygvMuVArFIlioyb,Veera Raja Veera,07qw6WgmXr7RzNA9jHIpuD
7mnmnaqBLPDEcCSRDmXto4,Mera Aasmaan Jal Gaya,07qw6WgmXr7RzNA9jHIpuD
348XEwX3DRp0ZfpSHqyNvh,Megha Re Megha,07qw6WgmXr7RzNA9jHIpuD
4f2pGLXKCOEWwBbSv4Ubty,Mukti Do,07qw6WgmXr7RzNA9jHIpuD
7syuHuStTbaig68Bv2Xo1c,Shivoham,07qw6WgmXr7RzNA9jHIpuD
5TVzkxrruE8abjgbmui39p,Mera Aasmaan Jal Gaya (Reprise),07qw6WgmXr7RzNA9jHIpuD
16UmZxfdglCsNt1rduH6Ox,"Narumugaye (From ""Iruvar"")",6jOW7KKTXFqMiQicp8AfHq
0hrORqtZ9wVtF2WBRomqZC,"Sowkiyama Kannae (From ""Sangamam"")",6jOW7KKTXFqMiQicp8AfHq
1fuHUVc2x0tAm521ItTBVA,"Ayirathil Naan Oruvan (From ""Iruvar"")",6jOW7KKTXFqMiQicp8AfHq
2JtigOpOZ6ws8Ig2upvgQp,"Chinna Chinna Mazhai Thuligal (From ""En Swasa Katre"")",6jOW7KKTXFqMiQicp8AfHq
44mSxc2yDrUyCjVeqLSN1h,"Varaha Nadhikarai (From ""Sangamam"")",6jOW7KKTXFqMiQicp8AfHq
1zwmEJaFwN8Xy3rmMn2Rm5,"Kannai Kattikolathey (From ""Iruvar"")",6jOW7KKTXFqMiQicp8AfHq
1TaS6r7Gdbea22eNRA0Zgk,"Jumbalakka (From ""En Swasa Katre"")",6jOW7KKTXFqMiQicp8AfHq
7JmMJ7j6W9wQxsxpdNcRrd,"Margazhi Thingal Allava (From ""Sangamam"")",6jOW7KKTXFqMiQicp8AfHq
5djSYBnSnbJ29R1rI7tztu,"Pookodiyin Punnagai (From ""Iruvar"")",6jOW7KKTXFqMiQicp8AfHq
6h6IshbCnrfXlIYJluOlB9,"Kadhal Niagara (From ""En Swasa Katre"")",6jOW7KKTXFqMiQicp8AfHq
0RXIj8vKCzYmvUhpKyEyxi,"Venilla Venilla (From ""Iruvar"")",6jOW7KKTXFqMiQicp8AfHq
0gTgpaKR9L8zsmJEmqDwmX,"Mudhal Murai (From ""Sangamam"")",6jOW7KKTXFqMiQicp8AfHq
3QEh0Cm7llnDXSaIMTMz8l,"En Swasa Kaatre (From ""En Swasa Katre"")",6jOW7KKTXFqMiQicp8AfHq
3DsE6u0rfBVGukBkf07OIz,"Hello Mister Edirkatchi (From ""Iruvar"")",6jOW7KKTXFqMiQicp8AfHq
6e7DjeouMhk2wHnGhmkMct,"Mazhai Thulli (From ""Sangamam"")",6jOW7KKTXFqMiQicp8AfHq
7zZI2hVRFIZs5cMvUvZpYH,"Thirakkadha (From ""En Swasa Katre"")",6jOW7KKTXFqMiQicp8AfHq
2lqdDtHCeWNrUDfGFHJHsn,"Udal Mannuku (From ""Iruvar"")",6jOW7KKTXFqMiQicp8AfHq
5nxRllCWRU7AHIZoltxPhR,"Theendai (From ""En Swasa Katre"")",6jOW7KKTXFqMiQicp8AfHq
5ehoEHWfR6v6mF0d1drg6F,"Aalaala Kanda (From ""Sangamam"")",6jOW7KKTXFqMiQicp8AfHq
6W8eI7M5qCHWyZklbnMnSf,"Unnodu Naan Irundha (From ""Iruvar"")",6jOW7KKTXFqMiQicp8AfHq
0sBqASoO5oi9TM1AJiZNWv,Vasanthapu Navvulu - Lofi,2PrJ7vIam7kG234CwFSnwL
4peSuYuxQjTUC0H4ayjJcP,His World,7eBKHNP3IAPfqvZP7CE1t4
5sA5bzmi0x0HnDI1Z2ymhC,Riches of Kalingapuri,7eBKHNP3IAPfqvZP7CE1t4
5Jqob9lWkBm4W0xFek8bMv,Army of Slaves,7eBKHNP3IAPfqvZP7CE1t4
1Lyhe7pmDyMJ7s6pudiBrS,Rana,7eBKHNP3IAPfqvZP7CE1t4
7qXFZwz8IwneD7fTsVdTVb,Kottaipattinam Wide,7eBKHNP3IAPfqvZP7CE1t4
7fESk8kGj9D9whKIah8FDy,This is Home,7eBKHNP3IAPfqvZP7CE1t4
4BBh2uc8dkjJmogoU4cods,"Like Father, Like Son",7eBKHNP3IAPfqvZP7CE1t4
4vRq93THrpwRxComOxWXpQ,Rana's Kinship,7eBKHNP3IAPfqvZP7CE1t4
3uIagP5qRnddGbsu4kms1A,Vadhana,7eBKHNP3IAPfqvZP7CE1t4
3n99VLYp6boU3BDPqC4280,Confessions,7eBKHNP3IAPfqvZP7CE1t4
18p6Osh1JsThVCeHoQ3GYm,A Close Call,7eBKHNP3IAPfqvZP7CE1t4
0aUtmsbH17GrlbNCUwxwID,Thanksgiving,7eBKHNP3IAPfqvZP7CE1t4
5SISIYduHnFqlQz9lOAANQ,Masked Warrior,7eBKHNP3IAPfqvZP7CE1t4
1S0ZsysA1e44EtUbA9hXQj,Poisoned,7eBKHNP3IAPfqvZP7CE1t4
5dTXfD3COhlFTV3F8zTraM,Death Sentence,7eBKHNP3IAPfqvZP7CE1t4
2OCEDsLmBmQMEWgOjiecyW,Escape,7eBKHNP3IAPfqvZP7CE1t4
1syGByyp2oBQYT1MgFBeqJ,Revenge,7eBKHNP3IAPfqvZP7CE1t4
5vxVk8kfXLFgXGNeFQMYEt,Final Battle,7eBKHNP3IAPfqvZP7CE1t4
5FetLlOshYGZbrAOMmM7ha,Sena's Unexpected Arrival,7eBKHNP3IAPfqvZP7CE1t4
5xPdO9suwzRmaetEcVDVBJ,Ships of Kochadaiiyaan,7eBKHNP3IAPfqvZP7CE1t4
0eYbzcqWrjE96KAyB5yyRw,Muthu's Past,5N3d00pvonn9vvse6TI42m
723tcRogdFUdmGE6QhGGVC,The Forbidden Iron,5N3d00pvonn9vvse6TI42m
0Uwviu43NhGzCatymi56E8,Parotta Shop,5N3d00pvonn9vvse6TI42m
3StXcqxenx47t0YHqQrYvK,Muthu In Love,5N3d00pvonn9vvse6TI42m
69H5I8F2UIWs5INdexHLBG,Idho Arambam,5N3d00pvonn9vvse6TI42m
22FbCvGEmzHYl16nh74zDg,Innocence Lost,5N3d00pvonn9vvse6TI42m
5gJEcvlnr1k0yNXS9xAhub,The Wild Ferris Wheel,5N3d00pvonn9vvse6TI42m
76Kdr5xGThkYQBvDbDmou8,Muthu Forgives,5N3d00pvonn9vvse6TI42m
5Kngj3BM4KAi6yT56Sq5CF,Something Fishy,5N3d00pvonn9vvse6TI42m
0s6Boq6VBwpDs0v9203uXQ,Stand By Me,5N3d00pvonn9vvse6TI42m
3uaYXuHcY1Glx8T79o27yA,I'm Older Than You,5N3d00pvonn9vvse6TI42m
1UFwmvipRJMEb85T2kg0UE,Rawther's Theme,5N3d00pvonn9vvse6TI42m
4tuSWRyGXTfAaBB36PWJ9l,Muthu 2.0,5N3d00pvonn9vvse6TI42m
45SmKiLdP4qLLIh27hHfhP,Music Is Not For You Jay - Original Score,6dLjvsbsgfPIapd1CAiMLg
7FC1uZj23XRZiLldG3XHTj,Over - Original Score,6dLjvsbsgfPIapd1CAiMLg
4tmBrlcJEYLvobnC1umZJp,Intervention - Original Score,6dLjvsbsgfPIapd1CAiMLg
0xPmU9ywThqed1daikuDRX,Come To Shillong - Original Score,6dLjvsbsgfPIapd1CAiMLg
4OUrrky6zu1TXB5PXC2Q32,Polo's Family - Original Score,6dLjvsbsgfPIapd1CAiMLg
29yfDNWtkrazQbd4RpEasr,"You Are A Mystery, Jay - Original Score",6dLjvsbsgfPIapd1CAiMLg
1iRlyygnRW91SqGfDWsyPg,Thank You Polo - Original Score,6dLjvsbsgfPIapd1CAiMLg
2tJ9G3KHjso5JRsYBmBXu6,The Guitar Shop - Original Score,6dLjvsbsgfPIapd1CAiMLg
0lkiiaWeXyOcWrq4aRQlzT,Can You Write 100 Songs? - Original Score,6dLjvsbsgfPIapd1CAiMLg
2xkARoqqulOn1IF6gjUDVm,Jay Starts Writing Songs - Original Score,6dLjvsbsgfPIapd1CAiMLg
6RKEjvy0sZa7ilHCwQH3YT,Sheila Vibes - Original Score,6dLjvsbsgfPIapd1CAiMLg
1fZbtzfzYPEDVPcDXlouIs,Red Mascara - Original Score,6dLjvsbsgfPIapd1CAiMLg
34xMRmV2dPfNnZxi18BiZu,Little Jay - Original Score,6dLjvsbsgfPIapd1CAiMLg
3lhP1ZtQR17byWaFrR7Cpr,Little Jay's Discovery - Original Score,6dLjvsbsgfPIapd1CAiMLg
3bhGTwXcS5B1L8xvyoe8wl,Drugs - Original Score,6dLjvsbsgfPIapd1CAiMLg
1jpSzl2ahYC6NyI3EHTHa1,Something Happened - Original Score,6dLjvsbsgfPIapd1CAiMLg
7CsPIXIbacTAMNlGCuUglp,Sheila's Calling You - Original Score,6dLjvsbsgfPIapd1CAiMLg
5xoIv8AyNvHy0bO5szHxP8,Anger & Talent - Original Score,6dLjvsbsgfPIapd1CAiMLg
5VOJNsgQIYmS5NKGSx1ueu,I Betrayed My Father - Original Score,6dLjvsbsgfPIapd1CAiMLg
6p2fGI9aEhqTUNNWr0Qewm,Jay'S Father - Original Score,6dLjvsbsgfPIapd1CAiMLg
2TRJDKTTagQRyxD7L3MLgg,Interrogation - Original Score,6dLjvsbsgfPIapd1CAiMLg
7wHQ8izpwqNniBQjNXAT7A,Threads Are Like Harp Strings - Original Score,6dLjvsbsgfPIapd1CAiMLg
0Rp1ALZtQFdGOAvxzhnnZ3,Escape - Original Score,6dLjvsbsgfPIapd1CAiMLg
3dmLPIfbUGGjdvJRuF0IbK,Polo's Family - Original Score,6dLjvsbsgfPIapd1CAiMLg
41fftoDOTYFmggvoKMyrIU,Father Is No More - Original Score,6dLjvsbsgfPIapd1CAiMLg
0Nt1UzW3jLsvaUvh2roDdZ,Concubine's Wisdom - Original Score,6dLjvsbsgfPIapd1CAiMLg
4Y8R6w0qEfEM7LjAd6RSyJ,Mother - Original Score,6dLjvsbsgfPIapd1CAiMLg
4E7ZvMvdNHFEtNo0aXKAey,Sofie's Back - Original Score,6dLjvsbsgfPIapd1CAiMLg
2n8Bv4LDG18fHaQs3FVF4a,Oracle - Original Score,6dLjvsbsgfPIapd1CAiMLg
3efa78gv7X1558eJO2slzS,Balleilakka,6U9fwE5eyEfj2htufWf9we
5khLRcjWa3n5OjzY3RJbQe,Adhareeni,6U9fwE5eyEfj2htufWf9we
3STSMuayXmUAIMjiBxHXp9,The Boss,6U9fwE5eyEfj2htufWf9we
317JrLcl1s0i6cXmnEWzR8,Sahana Saral Thoo,6U9fwE5eyEfj2htufWf9we
7FcvpZUn7qjSropwRN60vF,Mannaarkudi,4gAUrEjPH7kC6Hwtnx5uhj
6FlAt2eLdu0eqiXgVwJIPr,Chakka Chakalathi,4gAUrEjPH7kC6Hwtnx5uhj
2fcGiuEhTyQehcexfD5eTl,Murali Mogha,4gAUrEjPH7kC6Hwtnx5uhj
6Crs0KY6mHL9e1YEKNYUAl,Little Little,4gAUrEjPH7kC6Hwtnx5uhj
1gRfKBQWlVWPTtObpihJ7a,Idhudhaan En Kadhai,4gAUrEjPH7kC6Hwtnx5uhj
4WyPaZn24aTEowohl4jHA3,Kaadhalai Solla Mudiyatha,4gAUrEjPH7kC6Hwtnx5uhj
57XTDIN0zrvGJge7qDI9WA,Sooraavali Ponnu,4gAUrEjPH7kC6Hwtnx5uhj
3KeMulXbLDJBQdY5PZbGEh,Param Sundari,0DUOcMjmHGVLqFkWqfNC0z
5C10OXEl9FAz4hcktww0le,Rihaayi De,0DUOcMjmHGVLqFkWqfNC0z
0Ji90wjSZO620fci7Gx38Q,Yaane Yaane,0DUOcMjmHGVLqFkWqfNC0z
3Icnk4l8TPaLVRdp0raK16,Hututu,0DUOcMjmHGVLqFkWqfNC0z
7lD7QLuX52ry6HmYKXVYFw,Phuljhadiyon,0DUOcMjmHGVLqFkWqfNC0z
6onrKush01FO9MfXfltHWW,Choti Si Chiraiya,0DUOcMjmHGVLqFkWqfNC0z
0Gja8zsgCA3QqCCdt33GL5,Rock A Bye Baby,0DUOcMjmHGVLqFkWqfNC0z
3QRE6gErJeCU906HRNH5im,O Maanavaa,35GdOmCjKeyiMcJVtpAwoG
6hxLpI3TkERvRJDGqJZrUv,Navi Naveename,35GdOmCjKeyiMcJVtpAwoG
4UjTuOCEzzFJokq79AyGWY,Sofia,35GdOmCjKeyiMcJVtpAwoG
1tEUxkRg7kqoPLSci6Wjqo,Jola Jola,35GdOmCjKeyiMcJVtpAwoG
3XzkPn3HtBsM7wSxqLVr8S,Jwalamukhi,35GdOmCjKeyiMcJVtpAwoG
0yQY1KOCiK2Gvae1LojiYB,Choosa Maaye Ilaa,35GdOmCjKeyiMcJVtpAwoG
1MYM90JGApVMQaENXJcPhJ,Nee Choope Naaku,35GdOmCjKeyiMcJVtpAwoG
6WVeEho4SUj55C4jJOeVax,Chal Hat Be,35GdOmCjKeyiMcJVtpAwoG
1fl1B8sUmJEtOcEmawoQzz,Jwalamukhi - Reprise,35GdOmCjKeyiMcJVtpAwoG
5D8bXos6z9wWeJb7XZ2WUw,The Oracle,35GdOmCjKeyiMcJVtpAwoG
7cGmdzeYLWXmYtbvBa8r5i,Poova Mallee Pooseva,35GdOmCjKeyiMcJVtpAwoG
6PYYZEWId5J3Kr5Y6TK8bh,Aakaasha Thaaralatho,35GdOmCjKeyiMcJVtpAwoG
59TEx7h1w6BjbfcTjHmN5c,Sai Shirdi Sai,35GdOmCjKeyiMcJVtpAwoG
5Tz3UatxDVGRVT320u7nyK,The Voice Without Words,35GdOmCjKeyiMcJVtpAwoG
0D7EuKr8DqeJfrSGqTq0Fz,Oor Aayiram Vaanavil,4EcPtS9idSB8zy98Cl5yEf
0hhT2IOxdYiM8a2xJqCZuL,Naalai Naalai,4EcPtS9idSB8zy98Cl5yEf
1PFVbnDiQG3PIt1KXpc2lG,Sofia,4EcPtS9idSB8zy98Cl5yEf
1LU6ByshzkHEF52aeyeYOu,Poyisonna Posikiduven,4EcPtS9idSB8zy98Cl5yEf
2VkXvw1a3qGu4Zq3KS5WxV,Jwalamukhi,4EcPtS9idSB8zy98Cl5yEf
1FSoNSrU7K23tLF9ecVRMv,Punnagai Maayai,4EcPtS9idSB8zy98Cl5yEf
1lZhjDMWbleTegwRsouVQK,Nee Illa Naanum,4EcPtS9idSB8zy98Cl5yEf
3Zu2stfV0z5x9ja1U44pUb,Vaa Vengaiye,4EcPtS9idSB8zy98Cl5yEf
69kT5bXX3cp6V9dC86Tt8n,Jwalamukhi - Reprise,4EcPtS9idSB8zy98Cl5yEf
1VrHZdOqdJmIgkbqhbjKGe,The Oracle,4EcPtS9idSB8zy98Cl5yEf
37OjPRL3jZJicFhHmHi6Ua,Seemanthapoo,4EcPtS9idSB8zy98Cl5yEf
3ufMejozIL7IGWamtmDtsz,Aagaaya Neelangalil,4EcPtS9idSB8zy98Cl5yEf
38hS0KLc0fVZ8i1uAkkpzF,Sai Shirdi Sai,4EcPtS9idSB8zy98Cl5yEf
124G3IrSKHlKkbSydKjU78,The Voice Without Words,4EcPtS9idSB8zy98Cl5yEf
2mAxpMQqoYomh1gnaNeGFE,Vasanthapu Navvulu,0qHHd5Y79MOh4XKOJAfuLa
5AYgnzxEsj80a3QrzXnSId,"Poo Pookum Oosai (From ""Minsara Kanavu"")",4F2EnyO5MqwbWcRJRneAhC
4UJkUnfEEL8B2JZ1OQfYOO,Dil Bechara,5zrZPXoYsu772sB3CwVuxr
1wbxjQnN7MTk8MKt3SumyY,Taare Ginn,5zrZPXoYsu772sB3CwVuxr
1XFZMenJ30FfGOsj8X5sqf,Khulke Jeene Ka,5zrZPXoYsu772sB3CwVuxr
2ZvWoJ82LKCgD0nU9H5ue5,Main Tumhara,5zrZPXoYsu772sB3CwVuxr
3AeOPuf7VfwUsxeQNN9Vsv,Maskhari,5zrZPXoYsu772sB3CwVuxr
2hBBaxbu7oZQSW2wEJmIeJ,Afreeda,5zrZPXoYsu772sB3CwVuxr
4KDh7R28qyCOACE3VmdIg2,Mera Naam Kizie,5zrZPXoYsu772sB3CwVuxr
3vz705l7wsw9xLRQ8B1hXb,Friendzone,5zrZPXoYsu772sB3CwVuxr
7zTrimhtil85dyT7VSpvMA,The Horizon of Saudade,5zrZPXoYsu772sB3CwVuxr
0H30LYfik21QkjoC7ZxefD,Saathiya,2JA2oTYjsDwDjQuvBleX9F
2pYsayWatTCKzTlhWhZGCf,Aye Udi Udi Udi Udi,2JA2oTYjsDwDjQuvBleX9F
1P6K7Vuz2iDzqces3Wa7Th,O Aashiqa,1zvGX2DvCOUKaRqfcWZrLi
6NDYljUVGfidNXzp0BaTRI,Sofia,1zvGX2DvCOUKaRqfcWZrLi
00KeiS5mQyGd1tvYZVjay7,Nayi Nayi,1zvGX2DvCOUKaRqfcWZrLi
1WMTwQPQbTgBYA0EjxYxWy,Humnawaa,1zvGX2DvCOUKaRqfcWZrLi
138nVAT9PmSHTgNY84YMc6,Jwalamukhi,1zvGX2DvCOUKaRqfcWZrLi
182TRxQ1QvV3ubfGoXPAXW,Soja Soja,1zvGX2DvCOUKaRqfcWZrLi
5tpViSGxwFMfkd6bnEWejJ,Sai Shirdi Sai,1zvGX2DvCOUKaRqfcWZrLi
773qXThL98qSOEXg5WZl2C,Teri Nazar,1zvGX2DvCOUKaRqfcWZrLi
5HQlSnCyKCQxFJctyMGhM6,Jwalamukhi (Female Version),1zvGX2DvCOUKaRqfcWZrLi
0y9deKKOR6BAK3buNFSFfe,Gori Godh Bhari,1zvGX2DvCOUKaRqfcWZrLi
1jhxcf5vS7mSuVj7ZeOPfP,O Mera Chand,1zvGX2DvCOUKaRqfcWZrLi
4VGzyOF2ZUc9rmK2gwSUpv,Veere Kadh De,1zvGX2DvCOUKaRqfcWZrLi
5GuuN3i1tWR49D07hqi9u2,The Voice Without Words,1zvGX2DvCOUKaRqfcWZrLi
5h3gezCl4j7sB0OaAbuL8S,The Oracle,1zvGX2DvCOUKaRqfcWZrLi
6LQeZCukTthaqhEwQ9YsB1,Bang,33eW2vYkSWiOf0IULhP2va
3LwHnpctvKyt2o8HjnqE7b,Not a Fairytale,33eW2vYkSWiOf0IULhP2va
2SmIxGYFYb4E9q98Z18Mkc,Why Why Why,33eW2vYkSWiOf0IULhP2va
0q0X63pXIMuiv4n5NQS2CD,Spider Dance,33eW2vYkSWiOf0IULhP2va
3YsAm443I5cvfK4yuL5cUU,Dance of the Atoms,33eW2vYkSWiOf0IULhP2va
6bTz0kDN9McWL68b8zMYcs,Time & Space,33eW2vYkSWiOf0IULhP2va
0eIRNRVSdBuyyE7E88qwJl,Catch the Breeze,33eW2vYkSWiOf0IULhP2va
1BzWd9kKllW7FTkjpzT8lg,Coming Home,33eW2vYkSWiOf0IULhP2va
2OiAEA86zojiFhqcAjq6MA,Teri Rehmat Rabba,33eW2vYkSWiOf0IULhP2va
3aegHysUNQvXImDvNMls5x,Eerie Flapping,50CnjrIP43au3WYC8ufkur
6Z4fxkHn2be9BNNG4EyAKv,It's Over,50CnjrIP43au3WYC8ufkur
59rANM6ERqlpPDV7MgDmIl,Will You Believe,50CnjrIP43au3WYC8ufkur
08R28Qd4eNQUwsW9fdixtn,Shadow's Journey,50CnjrIP43au3WYC8ufkur
2yf5BgiHIFwG3humwptvHJ,We Need Chitti,50CnjrIP43au3WYC8ufkur
003bJaa09EH1JkdJvudAVo,You Are Next,50CnjrIP43au3WYC8ufkur
0tnQhLqa0Vx0xBO5efjTDN,Army Attack,50CnjrIP43au3WYC8ufkur
3OVybWIqDOIqEe6vXvsdBM,Interval,50CnjrIP43au3WYC8ufkur
1H3EO40eByLnLmcl0QKIpD,Nila's Espionage,50CnjrIP43au3WYC8ufkur
2jMj6FXPRC9uZG9nhRTO9e,Grand Son,50CnjrIP43au3WYC8ufkur
6kAZcPVqIUJEImyzVcDcdz,Let The Game Begins,50CnjrIP43au3WYC8ufkur
5ussR5GZisBGw8C7nE26wt,The Unknown,50CnjrIP43au3WYC8ufkur
2a5UyH9dUPX5vcfycPpGjL,You Will Be Avenged,50CnjrIP43au3WYC8ufkur
2JFmHs9BdzopriIbT1JyXV,Replication,50CnjrIP43au3WYC8ufkur
7Jk0xKdYWT8XJ7UVKiV42N,Pakshirajan's Story,50CnjrIP43au3WYC8ufkur
3Y5LaJM1c3qirKywiRVAZF,Vasigaran's Lab,3bxnbterkUaeYkhTUEKBZP
0t5EgOz5Cd0hOllOiHdD7I,Enthiran,3bxnbterkUaeYkhTUEKBZP
0BpAOFQOovPe8DgbE0Ga8V,Chitti's Influence,3bxnbterkUaeYkhTUEKBZP
5mDJsMwWeUDJWlIt1B12PQ,Chitti to the Rescue,3bxnbterkUaeYkhTUEKBZP
1TMC9Z28ZTcRD4JwzD80tY,Lack of Empathy,3bxnbterkUaeYkhTUEKBZP
1I26zwlYdmYPTdIsDaD0Hk,Andro-Humanoid Test Failed,3bxnbterkUaeYkhTUEKBZP
3wjllbf7Gi0nHUOMbMboat,Chitti Goes Wild,3bxnbterkUaeYkhTUEKBZP
21jNtHE0C9dSixhLYvQFsY,Chitti Betrays Vasi,3bxnbterkUaeYkhTUEKBZP
2aTt42p2mFNxso53jihLCB,Red Chip Installation,3bxnbterkUaeYkhTUEKBZP
1r75b4DKRoA1d8dkh2s6Wm,Power Hungry Robots,3bxnbterkUaeYkhTUEKBZP
4odqziQzufRLzoRIlGdJGl,BaII Formation Mode,3bxnbterkUaeYkhTUEKBZP
0jGIjhrll35p2luOoYG9iC,The Giant Emerges,3bxnbterkUaeYkhTUEKBZP
2J32GXdTyLy7ocWNq2F9nW,Helicopter Attacked,3bxnbterkUaeYkhTUEKBZP
3ZzRbho11RWZfmjCyytTtF,Chitti Bids Farewell,3bxnbterkUaeYkhTUEKBZP
4hN3gMx4X9nZNgXRzKoYel,Bhaga Bhaga,4qvZIh9L4jfjwPaAnvTfCZ
3tBNTPe57SDis32Ewo3zp0,Neeli Kanumallo,4qvZIh9L4jfjwPaAnvTfCZ
1R8OkW6DJ6KTGBoI6xzLMt,Segalu Chimmuthondhi,4qvZIh9L4jfjwPaAnvTfCZ
55j9GMgUsIX6rYtQ3IxKd9,Nannu Nammanee,4qvZIh9L4jfjwPaAnvTfCZ
4g1GdYY2RjmbuelVkhVkQr,Hayati,4qvZIh9L4jfjwPaAnvTfCZ
0z6W4wh87NG6MLWhsWA8Dx,Manasaa Nannu Vadhili,4qvZIh9L4jfjwPaAnvTfCZ
38ueylzenb5JK5JHDGnWuO,Praaptham - Telugu,4qvZIh9L4jfjwPaAnvTfCZ
7gOLEgc9oDOObwKxJpPBY8,Bhoomi Bhoomi,6UCpyUkUVuNbWYUSefQVLc
76UZxtnQZvglMQQbGFYmWx,Mazhai Kuruvi,6UCpyUkUVuNbWYUSefQVLc
6mHOkhzBmxpI86xqRw5IcY,Sevandhu Pochu Nenju,6UCpyUkUVuNbWYUSefQVLc
1OveyHP2FJ9bzMCf8JGVL5,Kalla Kalavaani,6UCpyUkUVuNbWYUSefQVLc
0ZV2OU0ciMA1yZS86qv51V,Hayati,6UCpyUkUVuNbWYUSefQVLc
4zfZi4L6lsf152iSWZo40Q,Madura Marikozhundhae,6UCpyUkUVuNbWYUSefQVLc
7wf1Amky1aNZjbmGzM5FOJ,Praaptham - Tamil,6UCpyUkUVuNbWYUSefQVLc
2PsLPk17FJoFirQwxIxFCs,Opening Title,2bn3hJb93sybWkTYnSJGrT
1TGgZcVF9l5GXVM3K10dco,Mann Mauj Mein Part A,2bn3hJb93sybWkTYnSJGrT
0YD1rYOY0JX3yjaePC8mPM,Mann Mauj Mein Part B,2bn3hJb93sybWkTYnSJGrT
54oqN1AAq8iMb3ULJQIJka,Mann Mauj Mein Part C1,2bn3hJb93sybWkTYnSJGrT
4Nv9CQlpIfmzq0Ukdigis5,Mann Mauj Mein Part C2,2bn3hJb93sybWkTYnSJGrT
5rPV2r7kwCldYuoNxc68IH,Mann Mauj Mein Part C3,2bn3hJb93sybWkTYnSJGrT
4GvwTQmsWak55Is2BIs78U,Mann Mauj Mein Part C4,2bn3hJb93sybWkTYnSJGrT
6mA6S8nyO32Ui4KdZVeQIC,End Title,2bn3hJb93sybWkTYnSJGrT
2LtyNHAVhcVk91GeJm1qFH,Aazadi,3052N3DRZYpQ2LM9ftkK1Y
6yGDAUQFCrPZuzB3s5h1BG,Kadam Kadam Barhaye Ja (Orchestral Version),3052N3DRZYpQ2LM9ftkK1Y
4oAngP870jCehFroCQEUCu,Jana Gana Mana,3052N3DRZYpQ2LM9ftkK1Y
6xqRwFRJJAVUk5mPaSBi2h,"Maya Maya (From ""Baba"")",451eS4BHBx3XZXLQG1EkQC
6xC11UOjR9cnvxvKLNXqxh,"Ale Ale (From ""Boys"")",451eS4BHBx3XZXLQG1EkQC
7yo37XzU6u8zAiC01hssyR,Son of Mumbai - Instrumental,407E0npGz085kKFAiKvEtz
6AwMaa7FDgAAerkEoAlnCl,The Game of Life - Instrumental,407E0npGz085kKFAiKvEtz
0Tcdl547PB5ntaLWVC2wwN,Twist of Destiny - Instrumental,407E0npGz085kKFAiKvEtz
5wVE6nfgX6CTdMmEdY47lt,The Gift - Instrumental,407E0npGz085kKFAiKvEtz
3suu6A7632qzVH4HcMc5HY,The Family Comes Home - Instrumental,407E0npGz085kKFAiKvEtz
3Y76VY7PWu3kbdDR8Em4Q6,Second Thoughts - Instrumental,407E0npGz085kKFAiKvEtz
0DV9POBQ14qWJQWTqf1YN9,Akshi - Instrumental,407E0npGz085kKFAiKvEtz
7CcTWiXwB5nKGHKBYTJj2S,Hospital - Instrumental,407E0npGz085kKFAiKvEtz
3wZAR2nDUHeRKiuu7b9gQI,Full Moon - Instrumental,407E0npGz085kKFAiKvEtz
2zHRw1x17b4BbNhsCXRekP,Reunited - Instrumental,407E0npGz085kKFAiKvEtz
541nbyN8qtn5bG7nANcPjP,The Family Leaves - Instrumental,407E0npGz085kKFAiKvEtz
7aX0m5BcFI8kdO6MwkrXuj,Holi - Instrumental,407E0npGz085kKFAiKvEtz
5CfoqGP61sZJbIvpN2vnWh,Urvashi Urvashi,7wPoYPGuyAN6bvavLZ8y9E
1UT2pjdg3nEAoRevxGLSW8,"Urvashi Urvashi (From ""Premikudu"")",68pv59EQ8Hf6BDfebTFOus
2YIliTwkJ8PfUfbM0cbvG9,"Urvashi Uravashi (From ""Kaadhalan"")",3jpGiDfoss6OFTy9Y6Y0LW
6351Oy7pbVdX810zlY7Ll0,Tiranga,1FXEThpTUjegsaxGqpKKGA
4krFVRl2hArfvRNjtog62o,Masoom,1FXEThpTUjegsaxGqpKKGA
5s6QXjZvH27X6dYL5AytV1,Pukaar,1FXEThpTUjegsaxGqpKKGA
4PQVVnHyRD2ukh0UQ0tP77,Bechain,1FXEThpTUjegsaxGqpKKGA
0lqtgw9BoV2VOFFNies17G,Demonetisation 2016,1FXEThpTUjegsaxGqpKKGA
34mUlCvgCcXykP2wJIjbCl,Subah,1FXEThpTUjegsaxGqpKKGA
5LaA9b1krAdTd1Y0mxwITn,Manuhaar,1FXEThpTUjegsaxGqpKKGA
07BBcnlbiXasEiqG5r5YXR,Mustakbil,1FXEThpTUjegsaxGqpKKGA
55AyFMXVCUCimbWlFiq5yD,The Flying Lotus,1FXEThpTUjegsaxGqpKKGA
